Nicolea,Buck,nbuck0@blogger.com,Female,67.153.0.184
Jonell,Sharphurst,jsharphurst1@comcast.net,Female,184.84.10.180
Nita,Shoute,nshoute2@patch.com,Female,81.28.9.200
Prince,Duffitt,pduffitt3@smugmug.com,Male,187.109.154.117
Kat,Semiraz,ksemiraz4@networkadvertising.org,Female,70.127.29.119
Anson,Topes,atopes5@barnesandnoble.com,Male,201.169.235.88
Ofella,Wildsmith,owildsmith6@patch.com,Female,229.220.118.204
Shermy,Arlett,sarlett7@kickstarter.com,Male,155.137.250.17
Tamar,Garaghan,tgaraghan8@amazonaws.com,Female,106.91.167.41
Julieta,Danielsohn,jdanielsohn9@flickr.com,Female,69.232.107.133
De,Hessenthaler,dhessenthalera@dedecms.com,Female,124.244.49.53
Lu,Murkus,lmurkusb@army.mil,Female,44.110.254.52
Lavena,Cockley,lcockleyc@aol.com,Female,174.206.247.180
Natal,McClaren,nmcclarend@miibeian.gov.cn,Male,222.145.131.144
Clayson,Father,cfathere@mapquest.com,Male,160.43.195.159
Husein,Parramore,hparramoref@plala.or.jp,Male,129.134.66.246
Vere,Cussen,vcusseng@scribd.com,Female,212.56.118.124
Clerissa,Bellay,cbellayh@ox.ac.uk,Female,71.1.227.63
Jerrilyn,Paula,jpaulai@unc.edu,Female,251.146.50.189
Even,Felce,efelcej@google.com.br,Male,175.233.99.34
Marcos,Fitter,mfitterk@elegantthemes.com,Male,26.234.182.128
Ambrosius,Bruniges,abrunigesl@dropbox.com,Male,225.114.100.83
Serena,Wedderburn,swedderburnm@cbslocal.com,Female,134.201.206.81
Perceval,Tilling,ptillingn@tinypic.com,Male,162.72.189.198
Madlin,Martinho,mmartinhoo@theatlantic.com,Female,31.238.181.117
Samuel,Hugli,shuglip@va.gov,Male,83.77.9.95
Shandee,Lawley,slawleyq@123-reg.co.uk,Female,64.153.2.81
Cathi,Hairesnape,chairesnaper@google.com.br,Female,2.169.221.177
Devland,Kunzel,dkunzels@blinklist.com,Male,59.16.126.100
Cosmo,Roylance,croylancet@wikimedia.org,Male,235.58.245.244
Alane,St. Paul,astpaulu@geocities.com,Female,50.9.7.112
Nikolia,Bestwerthick,nbestwerthickv@yellowbook.com,Female,13.127.230.132
Chelsea,Camellini,ccamelliniw@springer.com,Female,72.43.203.244
Michal,Olle,mollex@google.ca,Female,204.27.164.193
Rudy,Dziwisz,rdziwiszy@vk.com,Male,243.212.215.207
Stanford,Lemon,slemonz@example.com,Male,54.116.117.177
Beverly,Jado,bjado10@nasa.gov,Female,249.193.165.197
Cassie,Simek,csimek11@google.com.au,Male,127.28.253.100
Randa,Garvin,rgarvin12@cmu.edu,Female,75.85.148.91
Darnell,Carff,dcarff13@creativecommons.org,Male,93.230.37.167
Maureene,Poile,mpoile14@cloudflare.com,Female,208.155.4.173
Quillan,Grady,qgrady15@engadget.com,Male,232.183.134.149
Alasdair,Prandin,aprandin16@blogtalkradio.com,Male,123.29.44.119
Zane,Drance,zdrance17@ezinearticles.com,Male,162.142.15.133
Worthy,Gair,wgair18@woothemes.com,Male,133.133.168.133
Henrietta,Jan,hjan19@elpais.com,Female,229.234.64.241
Raine,Costall,rcostall1a@time.com,Female,198.237.118.114
Angelica,Ramet,aramet1b@sohu.com,Female,196.220.116.142
Doe,Dunican,ddunican1c@dagondesign.com,Female,211.61.24.161
Florencia,Beininck,fbeininck1d@studiopress.com,Female,136.73.209.162
Hyacinth,Woonton,hwoonton1e@fema.gov,Female,59.185.188.138
Kahlil,Mildmott,kmildmott1f@foxnews.com,Male,18.255.218.82
Etienne,Greenroyd,egreenroyd1g@amazon.co.jp,Male,174.74.28.122
Harwilll,Dawber,hdawber1h@ycombinator.com,Male,3.12.118.207
Rudolfo,Talby,rtalby1i@google.com.hk,Male,22.218.117.219
Miller,Melley,mmelley1j@dailymail.co.uk,Male,231.2.60.178
Hugues,Boggish,hboggish1k@springer.com,Male,104.65.180.216
Deloria,Nassau,dnassau1l@sphinn.com,Female,12.13.1.174
Damien,Tuffell,dtuffell1m@ca.gov,Male,58.14.124.165
Caresse,Osgorby,cosgorby1n@youtu.be,Female,181.216.17.46
Egor,Patrono,epatrono1o@jiathis.com,Male,247.203.189.144
Aymer,Iddon,aiddon1p@miibeian.gov.cn,Male,215.127.99.186
Ken,Ensten,kensten1q@zdnet.com,Male,94.136.142.74
Aubrey,Hebard,ahebard1r@go.com,Female,194.151.65.21
Caleb,Derwin,cderwin1s@msn.com,Male,163.160.201.44
Lin,Sandaver,lsandaver1t@howstuffworks.com,Female,181.55.99.93
Elnora,Simonich,esimonich1u@google.es,Female,179.126.7.129
Dun,O'Corrigane,docorrigane1v@epa.gov,Male,123.234.119.223
Lizabeth,Rugiero,lrugiero1w@washingtonpost.com,Female,203.148.186.195
Kellina,Leedal,kleedal1x@flavors.me,Female,252.227.59.43
Anabella,Cagan,acagan1y@wordpress.com,Female,41.84.122.171
Bastien,Tramel,btramel1z@eepurl.com,Male,166.74.253.99
Colman,Motton,cmotton20@comcast.net,Male,153.3.159.107
Mirabelle,De Mitris,mdemitris21@tinyurl.com,Female,169.104.90.34
Jorgan,Mattack,jmattack22@bizjournals.com,Male,184.242.50.215
Auberta,Jerzak,ajerzak23@fema.gov,Female,9.139.241.207
Boony,Lazell,blazell24@oracle.com,Male,141.196.43.79
Roma,Wison,rwison25@amazon.com,Male,192.178.140.111
Cora,Pollie,cpollie26@issuu.com,Female,111.147.101.21
Manda,Willacot,mwillacot27@weibo.com,Female,185.22.150.120
Katey,Stealy,kstealy28@sourceforge.net,Female,167.112.208.167
Devin,Langan,dlangan29@ihg.com,Female,67.233.152.16
Lia,McKnish,lmcknish2a@hibu.com,Female,94.131.16.83
Abramo,Peddel,apeddel2b@sciencedirect.com,Male,39.137.39.13
Taffy,Dallender,tdallender2c@arizona.edu,Female,191.144.161.15
Rebecca,Spight,rspight2d@1und1.de,Female,207.76.141.106
Terrill,Wingar,twingar2e@shop-pro.jp,Male,45.23.254.7
Shaylah,Rowlings,srowlings2f@1688.com,Female,121.162.160.123
Dora,Fearnley,dfearnley2g@cbc.ca,Female,64.11.182.223
Danice,Mordey,dmordey2h@accuweather.com,Female,254.186.212.153
Mellicent,Kalinovich,mkalinovich2i@amazonaws.com,Female,154.245.200.105
Franny,Van Eeden,fvaneeden2j@wordpress.org,Female,113.123.152.252
Dominik,Dewane,ddewane2k@shareasale.com,Male,36.188.236.238
Eachelle,Larret,elarret2l@w3.org,Female,100.93.83.104
Derick,L' Estrange,dlestrange2m@instagram.com,Male,99.19.100.141
Corney,Mouse,cmouse2n@pinterest.com,Male,95.74.16.211
Leroi,Kineton,lkineton2o@php.net,Male,38.136.53.157
Karel,Scown,kscown2p@apache.org,Male,188.78.214.155
Garvin,Hulatt,ghulatt2q@wunderground.com,Male,21.76.12.76
Orelia,Krochmann,okrochmann2r@lulu.com,Female,183.49.10.200
Lee,Wickerson,lwickerson2s@redcross.org,Male,49.12.45.141
Simonette,Fadden,sfadden2t@slate.com,Female,47.251.145.101
Bronny,Thorsby,bthorsby2u@cisco.com,Male,196.23.166.141
Roseanna,Lowensohn,rlowensohn2v@livejournal.com,Female,144.42.30.219
Lyle,Goff,lgoff2w@irs.gov,Male,2.85.199.50
Gaultiero,Gaynes,ggaynes2x@biglobe.ne.jp,Male,251.244.60.13
Kissee,Guyan,kguyan2y@example.com,Female,109.102.243.253
Newton,Caldera,ncaldera2z@mapy.cz,Male,100.187.32.129
Benetta,Borge,bborge30@eepurl.com,Female,58.47.251.106
Gus,Domke,gdomke31@opensource.org,Male,114.238.188.99
Nappie,Vasilyev,nvasilyev32@huffingtonpost.com,Male,5.131.37.158
Oliviero,Wolfendell,owolfendell33@bloglovin.com,Male,150.69.233.9
Chic,Heditch,cheditch34@google.nl,Male,70.0.75.129
Kincaid,Sindell,ksindell35@hp.com,Male,47.87.204.187
Richart,McGenis,rmcgenis36@pinterest.com,Male,181.160.201.246
Devan,Elia,delia37@shutterfly.com,Female,253.71.111.41
Babara,Posse,bposse38@china.com.cn,Female,78.36.135.119
Lela,Loads,lloads39@intel.com,Female,161.179.47.216
Rozamond,Akehurst,rakehurst3a@mapy.cz,Female,244.123.27.173
Teodorico,Lauritsen,tlauritsen3b@ebay.co.uk,Male,169.150.43.104
Piper,Lodford,plodford3c@howstuffworks.com,Female,222.96.182.234
Alwyn,Pinchback,apinchback3d@shareasale.com,Male,23.177.180.102
Hobard,Showalter,hshowalter3e@home.pl,Male,4.102.24.128
Ethyl,Codman,ecodman3f@usnews.com,Female,187.149.2.134
Daria,Galler,dgaller3g@vinaora.com,Female,195.18.51.50
Silvia,Crickmoor,scrickmoor3h@4shared.com,Female,182.110.211.190
Morty,Bradock,mbradock3i@posterous.com,Male,205.152.193.207
Marianne,Faiers,mfaiers3j@stumbleupon.com,Female,107.1.35.102
Darwin,Hannis,dhannis3k@purevolume.com,Male,194.114.114.99
Chantal,Longhurst,clonghurst3l@symantec.com,Female,145.98.184.75
Eba,Glasspoole,eglasspoole3m@usa.gov,Female,10.238.92.152
Odette,Desouza,odesouza3n@unesco.org,Female,19.212.52.141
Kelley,Gurney,kgurney3o@netscape.com,Female,134.57.187.231
Kylila,Pottie,kpottie3p@bravesites.com,Female,118.255.131.83
Harmon,Adamsen,hadamsen3q@issuu.com,Male,48.161.139.253
Julieta,Mounsey,jmounsey3r@boston.com,Female,116.28.181.24
Frieda,Rozier,frozier3s@samsung.com,Female,182.21.17.14
Jsandye,Smaling,jsmaling3t@mail.ru,Female,3.202.104.95
Dirk,Raspel,draspel3u@eepurl.com,Male,129.140.233.115
Whitney,Durnford,wdurnford3v@cpanel.net,Female,238.10.63.247
Fannie,D'orsay,fdorsay3w@ihg.com,Female,82.7.112.78
Deva,Fiddiman,dfiddiman3x@sun.com,Female,189.222.244.193
Merrel,Davidek,mdavidek3y@upenn.edu,Male,82.145.176.224
Georgie,Bontine,gbontine3z@blinklist.com,Male,225.127.92.138
Katerina,Tooting,ktooting40@usnews.com,Female,82.99.41.20
Devlin,Pell,dpell41@github.com,Male,53.25.248.109
Mariette,Jenkinson,mjenkinson42@ft.com,Female,216.195.109.162
Cross,Dimitriades,cdimitriades43@ameblo.jp,Male,131.24.177.216
Fraser,Lundberg,flundberg44@ucla.edu,Male,68.207.96.237
Dallas,Linfitt,dlinfitt45@shareasale.com,Male,57.69.236.39
Berte,Vanezis,bvanezis46@mediafire.com,Female,157.48.105.103
Trumann,Edinburgh,tedinburgh47@hp.com,Male,117.190.109.35
Rafaelita,Demageard,rdemageard48@upenn.edu,Female,170.8.145.39
Nealon,Coppledike,ncoppledike49@reference.com,Male,251.30.68.85
Franciskus,Clinnick,fclinnick4a@dailymotion.com,Male,141.211.253.46
Elvyn,McDavid,emcdavid4b@economist.com,Male,12.225.127.24
Bennett,Toulmin,btoulmin4c@usa.gov,Male,152.247.247.121
Arlette,Rubens,arubens4d@netvibes.com,Female,142.212.182.170
Berri,Lindman,blindman4e@nifty.com,Female,36.222.27.197
Avrom,Gownge,agownge4f@csmonitor.com,Male,59.129.191.113
Barnard,Linzey,blinzey4g@github.io,Male,188.175.135.24
Joy,Lowy,jlowy4h@digg.com,Female,251.112.186.176
Ramsay,Mibourne,rmibourne4i@aboutads.info,Male,86.1.234.104
Camey,Marchenko,cmarchenko4j@google.ru,Male,53.68.162.117
Deloris,Lydster,dlydster4k@army.mil,Female,215.246.134.175
Evy,Regorz,eregorz4l@sourceforge.net,Female,1.48.95.51
Gran,Eaden,geaden4m@unc.edu,Male,136.112.36.31
Horst,Coursor,hcoursor4n@lycos.com,Male,182.244.97.221
Abby,Pratley,apratley4o@hugedomains.com,Male,208.15.18.177
Filberte,Tomasoni,ftomasoni4p@domainmarket.com,Male,171.217.180.104
Lynda,Trineman,ltrineman4q@google.nl,Female,206.210.125.29
Elbertina,Gasnell,egasnell4r@latimes.com,Female,185.27.107.190
Libbey,Creddon,lcreddon4s@guardian.co.uk,Female,133.30.66.225
Sayres,Kingsford,skingsford4t@amazonaws.com,Male,138.224.246.126
Inness,Watkiss,iwatkiss4u@guardian.co.uk,Male,211.20.227.209
Shantee,Dreng,sdreng4v@businessinsider.com,Female,50.87.99.227
Bradford,Culpen,bculpen4w@ezinearticles.com,Male,87.69.113.70
Dalila,Rainville,drainville4x@nbcnews.com,Female,103.209.22.81
Eirena,Houlahan,ehoulahan4y@washington.edu,Female,155.181.202.36
Sayre,Breadmore,sbreadmore4z@twitter.com,Male,227.20.7.222
Jeni,Topling,jtopling50@blinklist.com,Female,193.129.224.183
Shelton,Attack,sattack51@vimeo.com,Male,146.92.178.242
Mela,Eveque,meveque52@cbslocal.com,Female,107.185.145.52
Patton,Rottgers,prottgers53@google.ru,Male,38.86.93.0
Reider,Kindle,rkindle54@archive.org,Male,153.31.43.187
Marmaduke,Nairy,mnairy55@mapquest.com,Male,214.63.134.83
Ingamar,Hebbron,ihebbron56@va.gov,Male,92.161.242.209
Francyne,Culkin,fculkin57@usatoday.com,Female,202.4.49.192
Suki,Thurman,sthurman58@google.co.jp,Female,97.77.30.152
Ryann,Craggs,rcraggs59@virginia.edu,Female,235.138.85.176
Valerye,Boak,vboak5a@netscape.com,Female,71.72.72.152
Kenny,Fraulo,kfraulo5b@ustream.tv,Male,196.68.84.94
Damara,Lahy,dlahy5c@mlb.com,Female,46.152.130.11
Tessi,Dearell,tdearell5d@reference.com,Female,112.74.167.165
Haslett,Coole,hcoole5e@cdc.gov,Male,53.105.175.10
Gallard,Rollings,grollings5f@ehow.com,Male,78.206.33.198
Aldin,Natalie,anatalie5g@ebay.co.uk,Male,234.4.128.115
Delora,Stanett,dstanett5h@smh.com.au,Female,247.221.109.52
Aluino,Slyde,aslyde5i@geocities.jp,Male,48.190.19.243
Dari,Humpherson,dhumpherson5j@twitpic.com,Female,46.27.174.144
Adore,Ragot,aragot5k@ox.ac.uk,Female,66.30.69.217
Carline,Moth,cmoth5l@usatoday.com,Female,81.5.240.30
Tami,Smedmore,tsmedmore5m@slate.com,Female,250.13.180.146
Cris,Kelshaw,ckelshaw5n@wufoo.com,Male,14.202.138.189
Wyndham,Widdup,wwiddup5o@storify.com,Male,63.220.224.39
Traci,Casey,tcasey5p@constantcontact.com,Female,10.166.245.191
Johannes,Koppel,jkoppel5q@columbia.edu,Male,1.150.35.194
Vernon,Leicester,vleicester5r@mozilla.org,Male,148.75.237.185
Ange,Gravet,agravet5s@unesco.org,Male,145.173.193.142
Nonah,Alloway,nalloway5t@netlog.com,Female,214.233.131.30
Tricia,Lincoln,tlincoln5u@edublogs.org,Female,74.116.162.234
Melamie,Orchard,morchard5v@disqus.com,Female,180.63.79.126
Freddy,Callum,fcallum5w@dyndns.org,Female,92.57.8.117
Cristiano,Filipovic,cfilipovic5x@va.gov,Male,91.69.160.5
Caspar,Dunbobin,cdunbobin5y@linkedin.com,Male,8.146.57.188
Immanuel,Serfati,iserfati5z@mysql.com,Male,175.145.132.74
Jose,Roubay,jroubay60@tinypic.com,Male,220.89.228.0
Clayton,Newtown,cnewtown61@time.com,Male,164.217.99.24
Charin,Peplay,cpeplay62@lycos.com,Female,189.194.16.213
Andrei,Petrolli,apetrolli63@engadget.com,Female,16.245.41.10
Berke,Ducker,bducker64@phpbb.com,Male,238.52.139.237
Kris,Renney,krenney65@ustream.tv,Male,95.84.218.49
Rolando,Oven,roven66@europa.eu,Male,124.207.147.209
Bertie,Sherrott,bsherrott67@oakley.com,Female,244.195.60.195
Trevor,Gilby,tgilby68@pen.io,Male,133.25.41.254
Reinwald,Di Ruggiero,rdiruggiero69@sfgate.com,Male,87.102.47.124
Josefina,Mimmack,jmimmack6a@earthlink.net,Female,244.112.122.214
Irena,MacCome,imaccome6b@hibu.com,Female,60.80.214.255
Skyler,Stanway,sstanway6c@ihg.com,Male,36.68.16.97
Crawford,Pennetti,cpennetti6d@cornell.edu,Male,146.71.45.166
Glenine,Sprankling,gsprankling6e@techcrunch.com,Female,39.235.183.211
Jamill,Girauld,jgirauld6f@arizona.edu,Male,171.91.73.156
Crissie,Benedek,cbenedek6g@people.com.cn,Female,9.239.98.16
Chandler,Laurenson,claurenson6h@prlog.org,Male,255.112.177.36
Galen,Bolderoe,gbolderoe6i@myspace.com,Male,244.225.60.171
Callie,Verdy,cverdy6j@odnoklassniki.ru,Female,100.197.17.251
Kimberley,MacKnockiter,kmacknockiter6k@dailymotion.com,Female,44.32.190.48
Cobb,Jeannon,cjeannon6l@biblegateway.com,Male,154.154.168.81
Laryssa,Jessett,ljessett6m@marketwatch.com,Female,194.187.94.188
Kerk,Mayoral,kmayoral6n@google.it,Male,65.106.219.225
Giselbert,Giraudou,ggiraudou6o@arstechnica.com,Male,233.2.50.126
Lisha,Luparti,lluparti6p@myspace.com,Female,182.197.239.203
Olenka,Affleck,oaffleck6q@sitemeter.com,Female,224.189.13.168
Lena,Lelievre,llelievre6r@slideshare.net,Female,162.91.75.242
Merell,Ketley,mketley6s@dedecms.com,Male,144.35.28.186
Sully,Agronski,sagronski6t@opensource.org,Male,149.181.208.54
Phaidra,Mostin,pmostin6u@mayoclinic.com,Female,24.199.161.164
Keeley,Gundrey,kgundrey6v@blogtalkradio.com,Female,185.61.48.95
Linc,Linguard,llinguard6w@prweb.com,Male,12.71.184.137
Rollo,Rasch,rrasch6x@newsvine.com,Male,203.181.182.111
Woodman,Clever,wclever6y@spotify.com,Male,143.206.184.139
Corrina,Scamel,cscamel6z@amazon.de,Female,122.182.144.177
Malcolm,Darlaston,mdarlaston70@theguardian.com,Male,254.226.233.229
Sharron,Habble,shabble71@domainmarket.com,Female,245.116.220.228
Olag,Larrie,olarrie72@newsvine.com,Male,253.94.41.12
Sammie,Ondrak,sondrak73@nifty.com,Male,247.248.96.8
Vi,Overstreet,voverstreet74@tmall.com,Female,39.0.97.114
Marlene,Fullerd,mfullerd75@naver.com,Female,248.26.79.146
Genvieve,Waddie,gwaddie76@paypal.com,Female,79.222.19.124
Ynes,Branche,ybranche77@rediff.com,Female,168.27.235.64
Rhodie,Sheers,rsheers78@wikispaces.com,Female,207.163.186.46
Tiffani,Harbidge,tharbidge79@eepurl.com,Female,205.174.79.60
Nealson,Yarker,nyarker7a@e-recht24.de,Male,167.197.227.62
Benedikta,Beauman,bbeauman7b@shop-pro.jp,Female,85.210.197.198
Ignace,Fewell,ifewell7c@cdbaby.com,Male,26.213.124.167
Correna,Devereu,cdevereu7d@utexas.edu,Female,197.197.104.44
Almire,Serraillier,aserraillier7e@privacy.gov.au,Female,28.72.24.6
Orlando,Veelers,oveelers7f@sakura.ne.jp,Male,181.0.205.146
Zak,Santello,zsantello7g@tripod.com,Male,237.145.139.127
Allen,Immer,aimmer7h@comcast.net,Male,52.124.159.102
Bliss,Blundan,bblundan7i@dion.ne.jp,Female,76.150.62.120
Bibi,Ambroz,bambroz7j@feedburner.com,Female,98.24.220.129
Rebe,Treat,rtreat7k@newyorker.com,Female,255.220.77.30
Linc,Cuttler,lcuttler7l@slideshare.net,Male,192.95.33.30
Sindee,Ateridge,sateridge7m@blogger.com,Female,180.127.229.161
Regan,Ingon,ringon7n@cnbc.com,Male,130.72.59.211
Ondrea,Kinson,okinson7o@usatoday.com,Female,77.110.233.191
Mozes,Chadderton,mchadderton7p@tripadvisor.com,Male,243.181.66.18
Eberhard,John,ejohn7q@netvibes.com,Male,120.103.170.99
Marylee,Berk,mberk7r@auda.org.au,Female,205.54.246.161
Cordelia,Tweedie,ctweedie7s@cbc.ca,Female,236.249.162.14
Benoite,Willimott,bwillimott7t@nytimes.com,Female,182.134.88.141
Emmery,Giacubo,egiacubo7u@chicagotribune.com,Male,178.17.157.87
Vivie,Brummitt,vbrummitt7v@liveinternet.ru,Female,94.55.72.187
Cathrine,Edworthye,cedworthye7w@sogou.com,Female,18.135.193.246
Ruggiero,McConville,rmcconville7x@wufoo.com,Male,99.194.25.175
Cecilio,Holttom,cholttom7y@acquirethisname.com,Male,160.124.168.197
Malynda,Ambrogini,mambrogini7z@europa.eu,Female,28.117.45.221
Antonella,Weinham,aweinham80@state.gov,Female,7.219.7.242
Martin,Kilgour,mkilgour81@bing.com,Male,0.95.24.240
Consalve,Lee,clee82@whitehouse.gov,Male,5.250.228.140
Tannie,Ferriman,tferriman83@wikipedia.org,Male,107.171.226.129
Lindsey,Beckson,lbeckson84@goo.ne.jp,Male,128.39.119.35
Olly,Connichie,oconnichie85@goo.gl,Female,155.50.130.48
Padriac,Robjohns,probjohns86@state.gov,Male,104.205.249.66
Alistair,Dehmel,adehmel87@i2i.jp,Male,247.97.4.166
Tremain,Pray,tpray88@army.mil,Male,5.216.48.109
Alberto,Gulliford,agulliford89@state.gov,Male,252.62.211.236
Willi,Moraleda,wmoraleda8a@sohu.com,Male,125.112.65.40
Glynn,Peace,gpeace8b@sphinn.com,Male,211.205.200.221
Trstram,Mandry,tmandry8c@loc.gov,Male,16.71.25.115
Ephraim,Heintzsch,eheintzsch8d@vkontakte.ru,Male,78.229.21.70
Francis,Hawney,fhawney8e@pcworld.com,Male,193.29.124.162
Tomasina,Forstall,tforstall8f@dedecms.com,Female,169.76.246.253
Yves,Pinkard,ypinkard8g@aol.com,Male,180.26.155.179
Prisca,Cominetti,pcominetti8h@tripod.com,Female,241.32.169.118
Berky,Newcomb,bnewcomb8i@123-reg.co.uk,Male,50.132.27.177
Ed,Bonnett,ebonnett8j@sourceforge.net,Male,199.111.53.25
Holt,Olivello,holivello8k@hatena.ne.jp,Male,180.192.204.152
Corella,Ickowics,cickowics8l@i2i.jp,Female,4.203.129.174
Tammy,Huxley,thuxley8m@stanford.edu,Female,249.79.93.22
Blaine,Shovlar,bshovlar8n@wiley.com,Male,228.40.89.123
Saunder,Cuerda,scuerda8o@ted.com,Male,26.61.136.53
Reuben,Voelker,rvoelker8p@gravatar.com,Male,225.212.216.16
Rutledge,Markel,rmarkel8q@berkeley.edu,Male,32.145.54.88
Scotty,McComiskie,smccomiskie8r@si.edu,Male,207.146.165.37
Sheeree,Cobby,scobby8s@yellowbook.com,Female,46.12.72.248
Kendell,Rowcliffe,krowcliffe8t@devhub.com,Male,10.169.61.188
Ermentrude,Micah,emicah8u@last.fm,Female,142.214.194.215
Brook,Castagne,bcastagne8v@tinypic.com,Female,254.189.194.11
Pincus,Alyonov,palyonov8w@businessinsider.com,Male,190.151.197.236
Saleem,Lindup,slindup8x@github.com,Male,29.24.62.75
Jacinda,Preddy,jpreddy8y@noaa.gov,Female,248.202.43.38
Tammy,Morewood,tmorewood8z@hao123.com,Female,77.200.204.105
Graig,Tiuit,gtiuit90@blogger.com,Male,252.80.136.243
Aharon,Swiffen,aswiffen91@ibm.com,Male,212.156.125.71
Muffin,Shewen,mshewen92@vimeo.com,Male,28.214.241.235
Nicolea,Kaines,nkaines93@cbslocal.com,Female,2.90.185.11
Matt,O'Heffernan,moheffernan94@ucsd.edu,Male,176.15.191.138
Siegfried,Leadbitter,sleadbitter95@nhs.uk,Male,111.179.113.2
Merilee,McNee,mmcnee96@alibaba.com,Female,125.205.155.197
Fields,Tissiman,ftissiman97@dailymotion.com,Male,126.93.159.35
Lona,Nisen,lnisen98@shinystat.com,Female,8.108.229.245
Belia,Sherrell,bsherrell99@miibeian.gov.cn,Female,225.84.54.0
Rodolphe,Spincks,rspincks9a@salon.com,Male,232.94.233.96
Fleming,Eburne,feburne9b@clickbank.net,Male,126.130.250.115
Bastien,Dunniom,bdunniom9c@sfgate.com,Male,125.222.60.88
Jodi,Copestick,jcopestick9d@about.com,Male,206.121.235.84
Fredek,Mundee,fmundee9e@jalbum.net,Male,94.148.47.161
Becki,Browett,bbrowett9f@economist.com,Female,68.247.209.218
Marcia,Denton,mdenton9g@behance.net,Female,180.67.178.108
Cornelius,Vasnev,cvasnev9h@hhs.gov,Male,209.169.189.67
Archibald,Vost,avost9i@un.org,Male,91.247.242.22
Pasquale,Kluger,pkluger9j@mayoclinic.com,Male,212.161.135.213
Ardelia,Valde,avalde9k@wp.com,Female,97.150.78.187
Celia,Lucia,clucia9l@webmd.com,Female,199.18.232.178
Nowell,Lyttle,nlyttle9m@dot.gov,Male,115.129.234.22
Swen,Dahill,sdahill9n@baidu.com,Male,32.9.56.49
Mattias,Swaite,mswaite9o@wp.com,Male,102.240.248.89
Gavra,Breens,gbreens9p@ezinearticles.com,Female,215.82.144.19
Andras,Thumim,athumim9q@creativecommons.org,Male,240.130.55.202
Georgianna,Alpin,galpin9r@noaa.gov,Female,200.118.162.12
Candra,Helmke,chelmke9s@amazon.de,Female,35.227.68.210
Devon,Sheward,dsheward9t@mozilla.org,Female,112.186.149.210
Gerick,Sellars,gsellars9u@hao123.com,Male,36.71.118.230
Zondra,Ivasechko,zivasechko9v@infoseek.co.jp,Female,32.45.252.219
Darius,Ughetti,dughetti9w@microsoft.com,Male,178.44.79.121
Jerome,Ainscough,jainscough9x@usa.gov,Male,184.1.192.116
Herman,Krolle,hkrolle9y@usgs.gov,Male,210.165.207.217
Tobias,Bucknall,tbucknall9z@marketwatch.com,Male,235.66.96.246
Sanderson,Treven,strevena0@bloglines.com,Male,213.19.123.208
Jane,Bassick,jbassicka1@dagondesign.com,Female,246.214.124.4
Nataniel,Arnaudi,narnaudia2@tripod.com,Male,50.180.70.115
Levon,Tatershall,ltatershalla3@opensource.org,Male,18.241.54.73
Arlen,Gamell,agamella4@dropbox.com,Male,147.146.58.224
Birch,Stuck,bstucka5@independent.co.uk,Male,252.196.236.52
Norma,Vivien,nviviena6@wsj.com,Female,177.80.40.250
Derick,Cran,dcrana7@mail.ru,Male,255.5.50.81
Archaimbaud,Richardon,arichardona8@free.fr,Male,192.56.116.90
Kriste,Gearing,kgearinga9@disqus.com,Female,234.93.214.6
Anallise,Unwin,aunwinaa@mayoclinic.com,Female,7.40.51.214
Freida,Dungate,fdungateab@netvibes.com,Female,142.202.234.217
Bonita,Blankhorn,bblankhornac@baidu.com,Female,7.222.85.187
Luciano,Thurbon,lthurbonad@com.com,Male,94.83.91.34
Shane,Tilbrook,stilbrookae@wunderground.com,Male,233.8.57.149
Fredi,Daber,fdaberaf@homestead.com,Female,115.142.34.85
Ruprecht,Cartin,rcartinag@cyberchimps.com,Male,12.135.83.28
Addison,John,ajohnah@craigslist.org,Male,39.84.213.51
Reinaldo,Stainer,rstainerai@scribd.com,Male,9.67.247.7
Brucie,Da Costa,bdacostaaj@rediff.com,Male,172.34.234.215
Cynthia,Kachel,ckachelak@omniture.com,Female,230.155.248.207
Bevon,Jenteau,bjenteaual@tinyurl.com,Male,212.238.110.232
Roch,Fieller,rfielleram@cafepress.com,Female,249.96.138.203
Levey,Reace,lreacean@photobucket.com,Male,103.252.91.29
Janot,Cornuau,jcornuauao@squidoo.com,Female,82.30.191.19
Sofia,Concannon,sconcannonap@jigsy.com,Female,70.125.71.147
Dyana,Hardesty,dhardestyaq@ucoz.ru,Female,18.99.115.161
Dennis,Marzello,dmarzelloar@discuz.net,Male,245.102.127.241
Dean,Preshous,dpreshousas@imageshack.us,Male,94.33.189.174
Arabela,Iacopo,aiacopoat@bluehost.com,Female,133.149.138.108
Adriena,Swaisland,aswaislandau@mapy.cz,Female,99.249.229.45
Marlena,Pavese,mpaveseav@discuz.net,Female,87.164.235.127
Pippo,Klausen,pklausenaw@newsvine.com,Male,130.150.16.104
Ezri,Portugal,eportugalax@tiny.cc,Male,108.178.148.229
Clarke,Heelis,cheelisay@wufoo.com,Male,157.38.236.15
Derry,Lakes,dlakesaz@slideshare.net,Male,70.114.97.78
Ellswerth,Meugens,emeugensb0@ted.com,Male,86.60.76.5
Susan,Loverock,sloverockb1@reference.com,Female,189.112.255.75
Sasha,Lutas,slutasb2@nydailynews.com,Male,224.107.162.131
Gardner,Peele,gpeeleb3@ihg.com,Male,60.158.62.51
Cyrillus,Stening,csteningb4@multiply.com,Male,145.166.116.228
Ilysa,Chimienti,ichimientib5@umich.edu,Female,249.132.91.50
Jody,Gerrels,jgerrelsb6@alexa.com,Male,255.139.110.231
Kennan,MacMechan,kmacmechanb7@apache.org,Male,81.236.79.217
Garrott,Winslow,gwinslowb8@npr.org,Male,151.7.73.159
Ellsworth,Healings,ehealingsb9@macromedia.com,Male,175.153.221.92
Neysa,Pochon,npochonba@ca.gov,Female,5.146.32.36
Cornell,Dobrovolny,cdobrovolnybb@woothemes.com,Male,255.85.73.45
Celine,Kuhle,ckuhlebc@miibeian.gov.cn,Female,81.190.200.249
Sarene,Herkess,sherkessbd@bing.com,Female,64.46.225.158
Robenia,Kobpa,rkobpabe@samsung.com,Female,178.150.249.30
Jillane,Bittlestone,jbittlestonebf@stumbleupon.com,Female,69.9.158.1
Niles,Greenrde,ngreenrdebg@vimeo.com,Male,51.114.66.79
Ferne,Feldmann,ffeldmannbh@slideshare.net,Female,177.244.127.49
Kaitlynn,O'Ferris,koferrisbi@1und1.de,Female,82.128.10.81
Aridatha,Bursell,abursellbj@nsw.gov.au,Female,246.53.204.242
Carmel,Bozworth,cbozworthbk@behance.net,Female,114.140.110.194
Clio,Freer,cfreerbl@cisco.com,Female,132.119.96.106
Sigmund,Daykin,sdaykinbm@hubpages.com,Male,246.7.250.139
Bryce,Davydochkin,bdavydochkinbn@usatoday.com,Male,234.91.23.92
Madlin,Grier,mgrierbo@so-net.ne.jp,Female,48.28.63.15
Rozanne,Dawidsohn,rdawidsohnbp@bloglovin.com,Female,224.247.218.113
Consuelo,Dighton,cdightonbq@walmart.com,Female,201.96.234.31
Yanaton,Jakubovits,yjakubovitsbr@shareasale.com,Male,54.195.75.227
Eben,Langhorne,elanghornebs@wordpress.org,Male,10.145.94.181
Merwin,Verbeke,mverbekebt@gmpg.org,Male,169.2.223.60
Una,Taillant,utaillantbu@edublogs.org,Female,116.95.107.47
Eberhard,Pegrum,epegrumbv@tinypic.com,Male,46.143.54.73
Neala,Seger,nsegerbw@booking.com,Female,85.24.120.89
Larissa,McBoyle,lmcboylebx@usa.gov,Female,169.92.130.225
Wilfrid,McGrane,wmcgraneby@si.edu,Male,150.72.239.163
Andie,Raimbauld,araimbauldbz@apple.com,Male,0.80.128.39
Nancee,Duckerin,nduckerinc0@statcounter.com,Female,209.26.89.251
Kerry,Rallin,krallinc1@drupal.org,Male,219.213.152.142
Jamaal,Winchcum,jwinchcumc2@craigslist.org,Male,32.51.88.37
Clarinda,Ferrer,cferrerc3@sciencedirect.com,Female,124.133.74.19
Wiatt,Shard,wshardc4@buzzfeed.com,Male,56.25.102.102
Frederica,Cacacie,fcacaciec5@amazonaws.com,Female,202.134.122.134
Kori,Kinnen,kkinnenc6@zimbio.com,Female,222.97.45.236
Rozele,Palleske,rpalleskec7@prlog.org,Female,181.160.144.177
Sargent,Culkin,sculkinc8@merriam-webster.com,Male,205.10.51.162
Sib,Lease,sleasec9@fda.gov,Female,54.104.147.125
Kaylil,Shackell,kshackellca@foxnews.com,Female,182.3.238.229
Gwenette,Ranscombe,granscombecb@dedecms.com,Female,70.187.196.120
Tallulah,Giampietro,tgiampietrocc@tiny.cc,Female,25.31.16.200
Brockie,Yanne,byannecd@istockphoto.com,Male,65.152.166.233
Melodie,Stannis,mstannisce@example.com,Female,218.58.31.208
Ariela,Pimlock,apimlockcf@illinois.edu,Female,225.139.214.55
Adrien,Dalmon,adalmoncg@google.com.br,Male,234.75.185.77
Heather,Dolden,hdoldench@domainmarket.com,Female,236.37.138.173
Yorke,Perkinson,yperkinsonci@princeton.edu,Male,101.190.223.51
Dukie,Wegner,dwegnercj@china.com.cn,Male,0.198.45.203
Cointon,Rowcastle,crowcastleck@de.vu,Male,129.251.121.77
Hersh,Wisedale,hwisedalecl@usnews.com,Male,136.51.10.114
Foss,Bougourd,fbougourdcm@arstechnica.com,Male,193.138.65.126
Tami,Evitts,tevittscn@plala.or.jp,Female,142.18.169.227
Cathryn,Cortese,ccorteseco@sfgate.com,Female,197.43.139.35
Carita,Tarpey,ctarpeycp@tmall.com,Female,97.7.135.183
Urbanus,Flury,uflurycq@chicagotribune.com,Male,226.42.135.192
Lesley,De Filippo,ldefilippocr@huffingtonpost.com,Male,207.177.160.179
Mendel,Alday,maldaycs@harvard.edu,Male,47.157.136.108
Percy,Eyeington,peyeingtonct@pen.io,Male,244.141.199.81
Clarita,Atcock,catcockcu@nymag.com,Female,244.26.209.219
Siana,Spawton,sspawtoncv@reference.com,Female,180.27.108.210
Otho,Dionisetti,odionisetticw@simplemachines.org,Male,240.128.92.196
Reinhard,Scolts,rscoltscx@blogs.com,Male,206.229.223.244
Eloise,Lamswood,elamswoodcy@twitter.com,Female,144.213.205.159
Mac,Izaks,mizakscz@i2i.jp,Male,106.129.165.165
Jaimie,Quinby,jquinbyd0@devhub.com,Male,11.184.121.226
Elora,Peaurt,epeaurtd1@bluehost.com,Female,7.55.223.174
Blinni,Fedynski,bfedynskid2@vinaora.com,Female,192.169.158.94
Rikki,Austins,raustinsd3@tripod.com,Female,246.79.43.157
Derril,Blazdell,dblazdelld4@scribd.com,Male,154.143.33.100
Doug,Beardshall,dbeardshalld5@constantcontact.com,Male,30.189.129.123
Luz,Eccles,lecclesd6@dmoz.org,Female,100.226.167.34
Luise,Cheson,lchesond7@ow.ly,Female,31.61.56.136
Herculie,Hares,hharesd8@narod.ru,Male,162.176.104.66
Deerdre,Yurenin,dyurenind9@ted.com,Female,251.120.5.53
Bartholomeus,Sellner,bsellnerda@toplist.cz,Male,20.36.63.206
Lief,Woloschinski,lwoloschinskidb@about.me,Male,15.161.189.21
Clayton,Lope,clopedc@techcrunch.com,Male,99.180.158.53
Yves,Yitshak,yyitshakdd@whitehouse.gov,Male,47.51.118.229
Joanna,Bartolic,jbartolicde@twitter.com,Female,11.146.43.188
Ricardo,Oxenden,roxendendf@miibeian.gov.cn,Male,254.154.224.205
Scotti,Witchell,switchelldg@kickstarter.com,Male,65.72.138.20
Shalom,Fortey,sforteydh@sohu.com,Male,227.165.161.219
Arvie,Nathan,anathandi@rakuten.co.jp,Male,89.191.86.249
Nicoline,Cammell,ncammelldj@friendfeed.com,Female,25.78.232.67
Lind,Sugge,lsuggedk@altervista.org,Male,70.3.104.235
Erika,Halversen,ehalversendl@bing.com,Female,235.193.99.163
Sumner,Sarre,ssarredm@booking.com,Male,85.147.68.33
Kelsy,Capitano,kcapitanodn@ovh.net,Female,8.105.60.213
Alexandros,Plackstone,aplackstonedo@howstuffworks.com,Male,24.122.245.109
Dov,Hatfield,dhatfielddp@comcast.net,Male,85.120.129.127
Daisi,Lorans,dloransdq@samsung.com,Female,219.192.255.247
Donnell,Cosbey,dcosbeydr@webmd.com,Male,194.194.40.190
Stewart,Clell,sclellds@amazon.co.jp,Male,38.249.34.11
Rogerio,Augustine,raugustinedt@woothemes.com,Male,163.244.127.194
Marlo,Hellsdon,mhellsdondu@acquirethisname.com,Male,169.83.211.237
Pen,Cottham,pcotthamdv@scribd.com,Male,131.178.104.198
Abby,Chislett,achislettdw@hud.gov,Male,172.203.241.99
Edwin,Shafto,eshaftodx@ed.gov,Male,243.38.217.246
Lucinda,Raggitt,lraggittdy@blinklist.com,Female,130.117.253.7
Karyn,Sleath,ksleathdz@opensource.org,Female,241.196.169.129
Irvine,Jean,ijeane0@delicious.com,Male,253.232.124.9
Weidar,McCadden,wmccaddene1@google.es,Male,221.225.198.198
Tobin,Clementel,tclementele2@netscape.com,Male,170.74.184.137
Lynsey,Kubal,lkubale3@wunderground.com,Female,255.229.159.132
Jerrylee,Clampton,jclamptone4@tiny.cc,Female,143.220.16.18
Lanna,Newman,lnewmane5@tumblr.com,Female,61.106.145.70
Sherline,Morfell,smorfelle6@multiply.com,Female,52.113.212.237
Marys,Hobbing,mhobbinge7@homestead.com,Female,178.119.124.90
Jean,Turpey,jturpeye8@addtoany.com,Male,115.177.48.230
Raleigh,Brewers,rbrewerse9@sun.com,Male,20.101.116.6
Mirelle,Woolerton,mwoolertonea@prweb.com,Female,53.217.99.47
Birch,Spurett,bspuretteb@princeton.edu,Male,164.23.24.85
Jaquelin,Yellowlees,jyellowleesec@diigo.com,Female,8.218.215.169
Madge,Bartleet,mbartleeted@altervista.org,Female,178.216.71.214
Franz,Baszkiewicz,fbaszkiewiczee@uol.com.br,Male,100.192.44.187
Inge,Cornier,icornieref@mashable.com,Female,250.195.136.53
Britta,Bris,bbriseg@wordpress.com,Female,227.104.8.159
Lina,Falla,lfallaeh@reddit.com,Female,250.185.91.245
Antin,Roelofsen,aroelofsenei@soup.io,Male,217.77.141.254
Samuele,Alennikov,salennikovej@mail.ru,Male,166.184.196.239
Bjorn,Brakewell,bbrakewellek@ox.ac.uk,Male,107.84.69.150
Ulrikaumeko,Branston,ubranstonel@youtube.com,Female,186.209.84.200
Iain,Le Grove,ilegroveem@icq.com,Male,118.167.186.90
Greg,Nilges,gnilgesen@webmd.com,Male,236.65.81.4
Aidan,Rime,arimeeo@deviantart.com,Female,49.238.51.41
Sandie,Daens,sdaensep@ca.gov,Female,115.139.3.92
Guinevere,Beckenham,gbeckenhameq@dagondesign.com,Female,29.62.24.93
Jocelyn,Matthisson,jmatthissoner@163.com,Female,144.152.183.77
Kelbee,Pyer,kpyeres@gnu.org,Male,38.89.186.23
Dix,Pallant,dpallantet@phoca.cz,Female,186.95.30.229
Arney,Seeking,aseekingeu@usgs.gov,Male,77.91.255.106
Bron,Chellam,bchellamev@msu.edu,Male,78.158.196.28
Saleem,Meighan,smeighanew@sun.com,Male,104.28.110.105
Wat,Stobbs,wstobbsex@aboutads.info,Male,62.208.164.199
See,Dursley,sdursleyey@blogger.com,Male,201.243.11.245
Ardelia,Bent,abentez@sbwire.com,Female,249.21.229.191
Chad,Delhay,cdelhayf0@craigslist.org,Male,222.61.23.182
Garvy,Isherwood,gisherwoodf1@tuttocitta.it,Male,244.127.188.233
Karylin,Brundrett,kbrundrettf2@boston.com,Female,252.187.207.29
Zollie,Stygall,zstygallf3@yahoo.co.jp,Male,238.182.62.80
Marshall,Tesimon,mtesimonf4@photobucket.com,Male,180.193.8.213
Susana,Skoggings,sskoggingsf5@themeforest.net,Female,190.166.234.33
Rhona,Teape,rteapef6@51.la,Female,201.164.173.146
Swen,Readshall,sreadshallf7@mozilla.com,Male,179.2.209.203
Normy,Mayho,nmayhof8@webnode.com,Male,138.137.122.202
Somerset,Sweetmore,ssweetmoref9@google.fr,Male,27.219.170.176
Karine,Goodings,kgoodingsfa@ebay.com,Female,201.244.75.115
Shurwood,Nias,sniasfb@hostgator.com,Male,64.177.168.55
Mercy,Forsythe,mforsythefc@tinypic.com,Female,249.214.108.64
Ryann,Pevreal,rpevrealfd@parallels.com,Female,141.95.215.167
Clim,Filipovic,cfilipovicfe@booking.com,Male,18.142.222.149
Cesare,Caddie,ccaddieff@europa.eu,Male,183.248.127.71
Olvan,Gasgarth,ogasgarthfg@prlog.org,Male,101.62.161.185
Alejoa,Kroch,akrochfh@columbia.edu,Male,166.50.129.214
Cliff,Byrkmyr,cbyrkmyrfi@phoca.cz,Male,78.29.12.215
Sheffie,Mintoff,smintofffj@bluehost.com,Male,24.202.66.172
Corrine,Thebe,cthebefk@creativecommons.org,Female,34.34.197.96
Therine,Dable,tdablefl@sbwire.com,Female,226.206.87.112
Kim,Stading,kstadingfm@state.tx.us,Male,173.37.189.241
Sibyl,Bowle,sbowlefn@wired.com,Male,156.9.203.115
Filbert,Ashfield,fashfieldfo@independent.co.uk,Male,132.129.127.48
Buiron,Berrill,bberrillfp@vimeo.com,Male,59.226.99.70
Stefanie,Hanby,shanbyfq@tumblr.com,Female,101.36.110.25
Marilee,Scoon,mscoonfr@soundcloud.com,Female,24.27.165.136
Crosby,Lente,clentefs@ted.com,Male,243.70.224.160
Heddie,Le Brun,hlebrunft@altervista.org,Female,249.65.1.17
Catlee,Zanussii,czanussiifu@xinhuanet.com,Female,203.160.238.135
Nettie,Birdwistle,nbirdwistlefv@360.cn,Female,24.95.132.1
Carri,Priest,cpriestfw@amazon.com,Female,84.53.96.205
Conan,MacRierie,cmacrieriefx@plala.or.jp,Male,136.189.43.34
Zea,Adnett,zadnettfy@hp.com,Female,134.54.16.37
Tucker,Jorat,tjoratfz@constantcontact.com,Male,223.176.139.180
Kevon,Extall,kextallg0@etsy.com,Male,110.69.44.254
Clement,Aubery,cauberyg1@bloglines.com,Male,242.70.174.238
Sammy,Schole,sscholeg2@engadget.com,Male,128.44.121.73
Andromache,Moynham,amoynhamg3@geocities.jp,Female,206.86.57.153
Rhiamon,Balderstone,rbalderstoneg4@state.gov,Female,33.196.141.164
Tatum,Halsworth,thalsworthg5@free.fr,Female,27.18.101.232
Jeanette,Spilling,jspillingg6@multiply.com,Female,41.32.103.96
Jamie,O'Nion,joniong7@wufoo.com,Male,229.138.148.62
Ofilia,Sneddon,osneddong8@jalbum.net,Female,19.72.171.35
Neala,Blew,nblewg9@cnet.com,Female,81.99.63.179
Bancroft,Cumes,bcumesga@blinklist.com,Male,41.10.89.7
Erick,Olyfat,eolyfatgb@ted.com,Male,59.152.34.104
Edlin,Fadden,efaddengc@dion.ne.jp,Male,194.122.11.140
Terrill,Dealey,tdealeygd@shinystat.com,Male,225.91.203.152
Ashia,Robion,arobionge@mapquest.com,Female,205.184.223.49
Leanora,Henighan,lhenighangf@altervista.org,Female,38.239.166.97
Veronika,Kassel,vkasselgg@plala.or.jp,Female,122.80.246.7
Skyler,Bertin,sbertingh@homestead.com,Male,9.173.54.21
Leonerd,Mattingson,lmattingsongi@uiuc.edu,Male,165.213.163.114
Carin,Friskey,cfriskeygj@nifty.com,Female,201.224.219.191
Dewie,Overel,doverelgk@ted.com,Male,69.210.33.121
Kristo,Trobe,ktrobegl@ibm.com,Male,197.225.255.1
Lorita,Kitter,lkittergm@hatena.ne.jp,Female,184.235.25.181
Sunny,Pendell,spendellgn@alibaba.com,Male,57.122.19.200
Laird,Luxton,lluxtongo@hud.gov,Male,116.207.29.131
Brigham,Kibbee,bkibbeegp@amazon.de,Male,223.77.195.120
Bethany,Descroix,bdescroixgq@epa.gov,Female,136.247.153.9
Virge,McLeish,vmcleishgr@bluehost.com,Male,63.48.164.137
Dosi,Alvares,dalvaresgs@nsw.gov.au,Female,74.178.243.198
Rowland,Hickisson,rhickissongt@mozilla.org,Male,172.121.9.169
Roderigo,Falkner,rfalknergu@disqus.com,Male,183.71.74.104
Calla,Schwandermann,cschwandermanngv@freewebs.com,Female,102.152.70.94
Darline,Asbery,dasberygw@hc360.com,Female,74.95.180.121
Sherline,Fintoph,sfintophgx@webeden.co.uk,Female,102.62.39.39
Derwin,Dreng,ddrenggy@va.gov,Male,237.50.125.28
Donetta,Speeks,dspeeksgz@mayoclinic.com,Female,191.216.22.187
Andrey,Leal,alealh0@pcworld.com,Male,226.227.6.201
Kylynn,Kalderon,kkalderonh1@nsw.gov.au,Female,144.187.133.220
Henrieta,Joutapavicius,hjoutapaviciush2@jimdo.com,Female,2.58.157.205
Rosy,Agirre,ragirreh3@bloglovin.com,Female,31.75.56.39
Cobb,Jurn,cjurnh4@opensource.org,Male,214.134.89.112
Alden,Arents,aarentsh5@indiatimes.com,Male,74.5.59.134
Vernon,Lidgley,vlidgleyh6@nature.com,Male,114.109.32.24
Cyndie,Ghilardi,cghilardih7@businessweek.com,Female,96.68.87.78
Rob,Wordsworth,rwordsworthh8@macromedia.com,Male,139.149.129.229
Dewain,Harewood,dharewoodh9@newyorker.com,Male,53.175.227.127
Brooke,Digby,bdigbyha@thetimes.co.uk,Male,254.136.32.104
Herve,Lechelle,hlechellehb@a8.net,Male,97.251.206.21
Ivonne,Lisciardelli,ilisciardellihc@engadget.com,Female,55.226.202.16
Parke,Wyldish,pwyldishhd@nbcnews.com,Male,176.54.126.242
Jillene,Tonge,jtongehe@biglobe.ne.jp,Female,159.45.97.48
Phillipp,Claris,pclarishf@usda.gov,Male,177.119.207.217
Mandy,Tague,mtaguehg@tinyurl.com,Female,213.51.219.165
Sven,Maffey,smaffeyhh@seattletimes.com,Male,93.88.222.194
Lynelle,Shrubshall,lshrubshallhi@quantcast.com,Female,32.47.131.18
Rollie,Shilling,rshillinghj@trellian.com,Male,21.7.50.18
Scott,Mahaffey,smahaffeyhk@lulu.com,Male,158.42.74.78
Sanford,Oag,soaghl@webmd.com,Male,5.124.50.184
Virgie,Murrhardt,vmurrhardthm@springer.com,Male,23.78.234.85
Vanny,Penhall,vpenhallhn@va.gov,Female,64.130.100.230
Brena,Skeleton,bskeletonho@wired.com,Female,89.94.202.23
Tiena,Cleyne,tcleynehp@dailymail.co.uk,Female,122.247.154.171
Andeee,Suatt,asuatthq@4shared.com,Female,188.4.38.235
Georgiana,Kenlin,gkenlinhr@elegantthemes.com,Female,198.131.6.173
Barbabas,Labro,blabrohs@geocities.jp,Male,195.187.184.221
Gabie,Cicchinelli,gcicchinelliht@canalblog.com,Male,103.117.137.4
Annabel,Challinor,achallinorhu@cmu.edu,Female,253.86.147.29
Hedvige,Roomes,hroomeshv@mit.edu,Female,11.169.90.48
Sigismund,Ewens,sewenshw@icq.com,Male,233.14.138.101
Simon,Brosio,sbrosiohx@furl.net,Male,91.76.201.53
Cornelius,Peterson,cpetersonhy@imageshack.us,Male,154.143.42.242
Donna,Wimes,dwimeshz@deviantart.com,Female,242.63.181.208
Nevile,Armstead,narmsteadi0@si.edu,Male,89.43.90.17
Sherwood,Tabour,stabouri1@reuters.com,Male,189.30.241.103
Gallard,Sivill,gsivilli2@mapy.cz,Male,173.148.119.60
Farrel,Hasselby,fhasselbyi3@economist.com,Male,95.183.183.198
Joell,Lembke,jlembkei4@hc360.com,Female,160.243.247.205
Lazar,Dudman,ldudmani5@tiny.cc,Male,101.158.241.247
Court,Swiggs,cswiggsi6@unesco.org,Male,12.25.49.104
Shane,Tatford,statfordi7@amazon.de,Male,147.232.96.137
Harcourt,Bachelar,hbachelari8@dedecms.com,Male,62.130.84.255
Brock,Jaffa,bjaffai9@yandex.ru,Male,242.236.200.135
Berry,Fibbitts,bfibbittsia@examiner.com,Female,84.189.200.189
Philomena,Di Maggio,pdimaggioib@cyberchimps.com,Female,171.94.188.199
Gianina,Flemming,gflemmingic@spotify.com,Female,108.83.192.157
Estrellita,Suttie,esuttieid@slate.com,Female,231.217.195.109
Harriott,Brok,hbrokie@irs.gov,Female,113.207.124.116
Ros,Constanza,rconstanzaif@infoseek.co.jp,Female,234.136.187.252
Odelia,Warboys,owarboysig@reverbnation.com,Female,76.140.208.145
Hakeem,Bodimeade,hbodimeadeih@google.com.br,Male,132.127.183.26
Stephannie,Budibent,sbudibentii@bbb.org,Female,25.180.104.73
Atlante,MacGorley,amacgorleyij@163.com,Female,149.197.120.193
Artemis,Cisson,acissonik@harvard.edu,Male,205.77.234.127
Chico,Scowcroft,cscowcroftil@biglobe.ne.jp,Male,119.181.242.121
Ericka,Jopling,ejoplingim@skype.com,Female,6.234.4.31
Amory,Lamplugh,alamplughin@google.es,Male,249.90.195.222
Yoshi,Presley,ypresleyio@youku.com,Female,155.211.134.253
Jammal,Vasilik,jvasilikip@jigsy.com,Male,212.233.158.254
Trstram,Errichi,terrichiiq@w3.org,Male,225.132.5.183
Jedd,Maccari,jmaccariir@myspace.com,Male,170.7.211.196
Noella,McCrudden,nmccruddenis@i2i.jp,Female,65.124.129.201
Norbert,Renackowna,nrenackownait@nature.com,Male,85.36.85.204
Felicdad,Trent,ftrentiu@purevolume.com,Female,91.56.145.181
Crista,Carney,ccarneyiv@webnode.com,Female,144.96.53.120
Emalee,Stonman,estonmaniw@shutterfly.com,Female,110.169.224.44
Othilia,Varndall,ovarndallix@webnode.com,Female,73.105.183.199
Micky,Gyenes,mgyenesiy@umn.edu,Female,127.201.68.59
Gaylene,Alu,galuiz@gravatar.com,Female,50.136.63.216
Garland,Egell,gegellj0@creativecommons.org,Female,137.96.98.205
Shanan,Birkenshaw,sbirkenshawj1@ebay.co.uk,Male,33.156.91.77
Iorgo,Elsley,ielsleyj2@friendfeed.com,Male,27.103.74.158
Darya,Thonason,dthonasonj3@indiegogo.com,Female,42.182.21.173
Jeanie,Gosforth,jgosforthj4@comcast.net,Female,47.133.84.227
Jobyna,Baldam,jbaldamj5@vinaora.com,Female,151.66.10.138
Barris,Ferrettino,bferrettinoj6@ifeng.com,Male,80.183.67.10
Colly,McTear,cmctearj7@istockphoto.com,Female,183.116.118.101
Celia,Crocetti,ccrocettij8@noaa.gov,Female,214.101.195.123
Brier,Coleyshaw,bcoleyshawj9@yandex.ru,Female,32.21.24.63
Edgardo,Wands,ewandsja@imgur.com,Male,129.100.79.131
Stillman,Almey,salmeyjb@google.fr,Male,204.164.131.100
Hamel,Evesque,hevesquejc@aboutads.info,Male,103.88.173.129
Meris,Danks,mdanksjd@mit.edu,Female,115.34.77.4
Don,Robelin,drobelinje@foxnews.com,Male,226.175.131.197
Vicky,Eam,veamjf@boston.com,Female,96.100.23.226
Gretta,Vernay,gvernayjg@sitemeter.com,Female,1.152.100.14
Rachelle,Cowley,rcowleyjh@woothemes.com,Female,105.194.229.128
Eddy,Lumbley,elumbleyji@drupal.org,Female,132.100.189.9
Hildagard,Mibourne,hmibournejj@icq.com,Female,237.24.210.94
Lotte,Haistwell,lhaistwelljk@comsenz.com,Female,174.127.191.30
Claribel,Braund,cbraundjl@tinyurl.com,Female,178.236.21.116
Desirae,Heisman,dheismanjm@census.gov,Female,156.247.39.236
Shanan,Dewsbury,sdewsburyjn@cyberchimps.com,Male,169.141.255.249
Dorolisa,Szymon,dszymonjo@goo.ne.jp,Female,124.127.240.86
Wes,Markova,wmarkovajp@europa.eu,Male,86.182.13.138
Nikola,Whimpenny,nwhimpennyjq@adobe.com,Male,153.189.148.35
Virgina,Fuggle,vfugglejr@ftc.gov,Female,238.178.206.181
Blisse,Kyttor,bkyttorjs@paginegialle.it,Female,173.177.116.160
Dorie,Braniff,dbraniffjt@woothemes.com,Male,207.102.141.214
Priscella,Flacknoe,pflacknoeju@sfgate.com,Female,242.212.147.207
Normie,Robardley,nrobardleyjv@sciencedaily.com,Male,57.134.136.26
Patsy,Roscamp,proscampjw@desdev.cn,Male,103.186.193.170
Gilbert,Scyner,gscynerjx@wsj.com,Male,79.5.68.90
Ezmeralda,Bertomier,ebertomierjy@yelp.com,Female,50.152.149.243
Blinnie,Raggles,bragglesjz@example.com,Female,188.133.31.166
Farly,Vanyakin,fvanyakink0@pagesperso-orange.fr,Male,193.143.47.187
Sophronia,Eykelhof,seykelhofk1@usgs.gov,Female,10.155.56.140
Gillan,O'Cahill,gocahillk2@plala.or.jp,Female,31.219.201.78
Edeline,Yakobovicz,eyakoboviczk3@ucoz.com,Female,154.48.11.208
Aundrea,Peggs,apeggsk4@dailymail.co.uk,Female,103.255.76.203
Giorgia,Gipps,ggippsk5@hexun.com,Female,174.52.142.77
Boothe,Aldrick,baldrickk6@wsj.com,Male,170.2.218.106
Inge,MacCosty,imaccostyk7@sfgate.com,Female,197.201.89.9
Lilia,O' Markey,lomarkeyk8@goo.ne.jp,Female,53.135.94.153
Sayer,Dibnah,sdibnahk9@hugedomains.com,Male,157.240.221.198
Bertrando,Bartoloma,bbartolomaka@europa.eu,Male,66.146.181.177
Stanly,Benyon,sbenyonkb@eepurl.com,Male,47.6.15.27
Georgie,Hardaker,ghardakerkc@epa.gov,Female,10.180.128.14
Ferdy,Huelin,fhuelinkd@springer.com,Male,249.58.63.150
Ruddie,Dockrell,rdockrellke@unicef.org,Male,72.11.118.12
Joly,Roscrigg,jroscriggkf@jiathis.com,Female,219.106.51.232
Noam,O'Reilly,noreillykg@oaic.gov.au,Male,132.133.132.91
Monro,Traice,mtraicekh@ucoz.ru,Male,56.154.109.236
Gerome,Krolik,gkrolikki@dell.com,Male,93.196.143.106
Richard,Hobbema,rhobbemakj@bandcamp.com,Male,86.52.250.87
Eba,Derisly,ederislykk@house.gov,Female,52.115.49.26
Erny,Hodjetts,ehodjettskl@mail.ru,Male,228.109.141.42
Pooh,Aaronsohn,paaronsohnkm@google.co.uk,Female,125.108.28.114
Jethro,Joselson,jjoselsonkn@booking.com,Male,202.124.237.230
Sherwood,Caldecott,scaldecottko@oaic.gov.au,Male,26.48.77.208
Red,Parkinson,rparkinsonkp@ebay.co.uk,Male,74.89.119.150
Jodee,Rosellini,jrosellinikq@wsj.com,Female,86.241.87.218
Marji,Linny,mlinnykr@howstuffworks.com,Female,53.11.101.154
Eugenius,O'Cullen,eocullenks@disqus.com,Male,94.183.144.169
Kimmy,Dewi,kdewikt@imageshack.us,Female,222.94.178.104
Berkly,Ricoald,bricoaldku@mayoclinic.com,Male,169.168.143.250
Emiline,Cumming,ecummingkv@instagram.com,Female,63.122.59.227
Aura,Pizzey,apizzeykw@hatena.ne.jp,Female,73.74.50.212
Persis,Oaten,poatenkx@phpbb.com,Female,119.129.191.197
Ruthann,Scripture,rscriptureky@goodreads.com,Female,50.151.95.104
Minerva,Hutchinges,mhutchingeskz@scientificamerican.com,Female,230.138.207.203
Nettle,Rupert,nrupertl0@yahoo.co.jp,Female,39.52.93.182
Cass,Bealing,cbealingl1@yale.edu,Female,235.97.118.140
Ketti,Storks,kstorksl2@miibeian.gov.cn,Female,161.18.49.69
Tamarah,Haliburton,thaliburtonl3@narod.ru,Female,145.56.226.246
Nicol,Adamov,nadamovl4@home.pl,Male,251.101.58.251
Mart,Pountney,mpountneyl5@foxnews.com,Male,53.188.49.147
Dorrie,Badder,dbadderl6@springer.com,Female,181.42.249.92
Lionel,Alvarado,lalvaradol7@army.mil,Male,167.63.65.210
Corissa,Maymond,cmaymondl8@usatoday.com,Female,221.193.132.228
Chrystel,Lisamore,clisamorel9@flickr.com,Female,188.205.228.103
Karena,Gilliard,kgilliardla@pagesperso-orange.fr,Female,48.199.208.141
Robin,McKenzie,rmckenzielb@amazon.com,Male,92.203.208.91
Olivette,Gilling,ogillinglc@blogger.com,Female,228.24.112.11
Ernestus,Andryunin,eandryuninld@theglobeandmail.com,Male,108.223.28.223
Meredeth,Whittall,mwhittallle@netlog.com,Male,47.10.193.127
Hanna,Osselton,hosseltonlf@msn.com,Female,41.31.166.60
Rollins,Hegerty,rhegertylg@themeforest.net,Male,148.19.171.221
Mabelle,Harold,mharoldlh@state.tx.us,Female,222.38.190.193
Jacki,Dineges,jdinegesli@mapquest.com,Female,67.179.91.172
Marj,Dechelle,mdechellelj@amazon.co.uk,Female,8.255.57.202
Stern,Venour,svenourlk@alibaba.com,Male,40.211.68.21
Stanwood,Oxshott,soxshottll@boston.com,Male,175.45.217.35
Aluino,Dore,adorelm@adobe.com,Male,222.108.53.129
Lorrayne,Coste,lcosteln@newyorker.com,Female,118.25.127.202
Zenia,Cornehl,zcornehllo@gnu.org,Female,237.48.153.145
Bartholomeo,Condie,bcondielp@sohu.com,Male,26.213.121.9
Virgil,Billinge,vbillingelq@taobao.com,Male,35.26.154.18
Benji,Prine,bprinelr@eepurl.com,Male,246.119.109.157
Cordi,Panas,cpanasls@amazonaws.com,Female,100.25.200.184
Vanna,Memory,vmemorylt@biglobe.ne.jp,Female,219.214.197.108
Stephani,Wellfare,swellfarelu@fotki.com,Female,250.42.133.145
Mack,Bielby,mbielbylv@earthlink.net,Male,207.87.167.236
Toinette,Kern,tkernlw@fda.gov,Female,148.15.6.188
Florella,Amery,famerylx@businessinsider.com,Female,240.100.163.175
Vanya,Hibbart,vhibbartly@aboutads.info,Female,245.4.132.193
Nap,Saffon,nsaffonlz@time.com,Male,249.59.144.116
Con,Rumgay,crumgaym0@mapquest.com,Female,99.58.45.65
Harcourt,Egger,heggerm1@godaddy.com,Male,127.223.87.73
Stewart,Borge,sborgem2@phpbb.com,Male,129.25.168.76
Carree,Huzzay,chuzzaym3@foxnews.com,Female,84.253.188.211
Devonne,Abberley,dabberleym4@blinklist.com,Female,95.141.144.85
Adina,Yallop,ayallopm5@ucoz.ru,Female,229.129.127.95
Vince,Ferrillo,vferrillom6@biblegateway.com,Male,99.224.114.152
Giacomo,Knapman,gknapmanm7@ft.com,Male,230.191.166.218
Kevon,Sancias,ksanciasm8@webs.com,Male,193.54.66.125
Erwin,Vedstra,evedstram9@behance.net,Male,159.157.221.238
Noni,Coughan,ncoughanma@ucla.edu,Female,52.179.118.232
Callida,Lill,clillmb@myspace.com,Female,213.189.95.78
Odo,Marten,omartenmc@ca.gov,Male,175.211.231.232
Lee,Stenners,lstennersmd@china.com.cn,Female,201.4.124.211
Marco,Jays,mjaysme@techcrunch.com,Male,131.90.15.174
Towny,Height,theightmf@salon.com,Male,220.192.11.227
Dimitry,Pindell,dpindellmg@sohu.com,Male,136.107.154.48
Del,Husby,dhusbymh@ebay.com,Female,71.188.184.161
Corliss,Bainbrigge,cbainbriggemi@wordpress.com,Female,191.107.67.140
Phyllys,O'Lynn,polynnmj@wired.com,Female,86.144.156.45
Cyrus,Hellmer,chellmermk@vimeo.com,Male,232.118.221.78
Normie,Neylon,nneylonml@google.co.uk,Male,244.153.26.163
Lorens,Davitashvili,ldavitashvilimm@gov.uk,Male,229.15.228.252
Aeriell,Twort,atwortmn@dyndns.org,Female,152.236.207.174
Corty,Hellwich,chellwichmo@dot.gov,Male,61.110.95.236
Claretta,Manna,cmannamp@yellowbook.com,Female,221.207.175.174
Vail,Etienne,vetiennemq@tamu.edu,Male,165.123.225.214
Cointon,Bunson,cbunsonmr@printfriendly.com,Male,132.204.214.47
John,Blaes,jblaesms@ameblo.jp,Male,131.145.13.193
Morris,Ferrar,mferrarmt@census.gov,Male,115.180.148.36
Jecho,Gorden,jgordenmu@noaa.gov,Male,111.164.91.250
Hewet,Owthwaite,howthwaitemv@dyndns.org,Male,28.137.184.72
Tierney,Moon,tmoonmw@studiopress.com,Female,228.84.74.117
Leopold,Toppes,ltoppesmx@rediff.com,Male,26.206.62.250
Fidel,McWhan,fmcwhanmy@ox.ac.uk,Male,25.149.27.155
Syd,Rasper,sraspermz@epa.gov,Male,225.99.206.104
Brigham,Adamski,badamskin0@google.it,Male,166.34.81.25
Hermina,Willsmore,hwillsmoren1@phpbb.com,Female,33.68.238.251
Katlin,Babb,kbabbn2@howstuffworks.com,Female,134.104.183.105
Eudora,Nutkins,enutkinsn3@rakuten.co.jp,Female,224.144.194.82
Kaitlynn,Hamnett,khamnettn4@earthlink.net,Female,251.234.100.102
Romain,Brockherst,rbrockherstn5@nyu.edu,Male,25.140.121.192
Inigo,Mac Giolla Pheadair,imacgiollapheadairn6@twitpic.com,Male,186.163.18.248
Bourke,Camel,bcameln7@unesco.org,Male,58.25.213.178
Isobel,Reaveley,ireaveleyn8@nyu.edu,Female,182.178.76.144
Olimpia,Stopp,ostoppn9@miibeian.gov.cn,Female,209.245.188.60
Lauren,Latta,llattana@mayoclinic.com,Female,74.28.142.108
Gabi,Sonnenschein,gsonnenscheinnb@eventbrite.com,Female,47.214.147.97
Jessi,Bushell,jbushellnc@cpanel.net,Female,175.94.44.249
Ramonda,Raubenheim,rraubenheimnd@nbcnews.com,Female,100.171.117.147
Tallie,Broadfield,tbroadfieldne@google.co.uk,Female,222.69.38.5
Hube,Steane,hsteanenf@salon.com,Male,101.77.229.32
Wendel,Lening,wleningng@indiatimes.com,Male,15.8.205.24
Carmine,Boyett,cboyettnh@newyorker.com,Male,70.39.119.17
Hilde,Sooley,hsooleyni@mail.ru,Female,220.248.196.248
Bengt,Dimitrescu,bdimitrescunj@admin.ch,Male,108.55.179.41
Elicia,Pawnsford,epawnsfordnk@nsw.gov.au,Female,191.81.57.251
Ardeen,Mildner,amildnernl@dion.ne.jp,Female,165.236.110.64
Jack,Marian,jmariannm@nationalgeographic.com,Male,127.36.158.231
Klara,Ben,kbennn@e-recht24.de,Female,180.104.116.230
Marrissa,McGlynn,mmcglynnno@japanpost.jp,Female,166.124.90.43
Ardelis,McKelvey,amckelveynp@163.com,Female,48.126.25.223
Georgeanna,Lindbergh,glindberghnq@pcworld.com,Female,150.59.52.131
Cordula,Tonsley,ctonsleynr@independent.co.uk,Female,88.13.150.42
Harry,Balducci,hbalduccins@sitemeter.com,Male,148.79.13.107
Caspar,Body,cbodynt@usnews.com,Male,63.186.30.68
Leona,Bowland,lbowlandnu@un.org,Female,113.87.85.5
Harriet,Frankcom,hfrankcomnv@timesonline.co.uk,Female,47.243.251.84
Craggie,Tomasutti,ctomasuttinw@hexun.com,Male,109.129.125.114
Giacobo,Britton,gbrittonnx@miitbeian.gov.cn,Male,46.205.114.43
Andras,Elner,aelnerny@ed.gov,Male,197.41.128.0
Cherey,Sutter,csutternz@un.org,Female,99.187.140.135
Tracie,Freathy,tfreathyo0@irs.gov,Male,92.37.77.192
Valida,Pedwell,vpedwello1@apache.org,Female,240.5.186.31
Zacharias,Divers,zdiverso2@scribd.com,Male,51.85.130.59
Josepha,Somerton,jsomertono3@patch.com,Female,144.67.68.88
Dodi,Greggs,dgreggso4@t-online.de,Female,192.152.44.172
Nicol,Sheivels,nsheivelso5@comcast.net,Male,97.209.35.197
Dewain,Duffit,dduffito6@trellian.com,Male,239.128.242.77
Pepe,Lammert,plammerto7@gov.uk,Male,77.170.220.121
Minna,Unworth,munwortho8@buzzfeed.com,Female,218.236.167.126
Diandra,Bunston,dbunstono9@rambler.ru,Female,53.68.169.112
Boniface,Dottrell,bdottrelloa@usgs.gov,Male,57.16.121.216
Noby,Silversmid,nsilversmidob@phpbb.com,Male,200.51.141.126
Frannie,Duddan,fduddanoc@ucsd.edu,Female,250.211.253.242
Herb,Paolillo,hpaolillood@over-blog.com,Male,213.69.13.40
Pinchas,Philipeau,pphilipeauoe@oakley.com,Male,89.119.185.45
Duane,O'Nowlan,donowlanof@independent.co.uk,Male,71.25.176.5
Ardath,Sleford,aslefordog@360.cn,Female,51.121.16.144
Lita,Kubat,lkubatoh@friendfeed.com,Female,234.56.78.206
Shanan,Parris,sparrisoi@nydailynews.com,Male,154.42.133.177
Mirabella,Lauderdale,mlauderdaleoj@taobao.com,Female,93.76.40.108
Coop,Manes,cmanesok@xing.com,Male,223.41.15.225
Leonhard,Frantsev,lfrantsevol@addtoany.com,Male,19.230.16.150
Clerc,Life,clifeom@photobucket.com,Male,181.240.90.202
Candida,Camolli,ccamollion@google.com.au,Female,128.69.41.112
Gavan,Nockalls,gnockallsoo@usnews.com,Male,17.247.201.223
Rutledge,Buckle,rbuckleop@domainmarket.com,Male,131.42.45.73
Ann,Angerstein,aangersteinoq@mashable.com,Female,97.136.239.32
Philippine,Inde,pindeor@narod.ru,Female,243.26.7.202
Sheffie,Boarer,sboareros@apple.com,Male,172.191.197.188
Hal,Gowdy,hgowdyot@infoseek.co.jp,Male,127.11.93.246
Kristyn,Deboick,kdeboickou@goo.gl,Female,239.172.59.241
Cristine,Challace,cchallaceov@telegraph.co.uk,Female,143.219.14.50
Beryle,Dumingos,bdumingosow@whitehouse.gov,Female,149.147.46.150
Janith,Geistmann,jgeistmannox@ehow.com,Female,77.147.27.247
Edi,Cruise,ecruiseoy@ucla.edu,Female,151.166.74.62
Christoffer,Moorfield,cmoorfieldoz@apple.com,Male,157.252.97.200
Levey,Mochan,lmochanp0@people.com.cn,Male,37.245.52.104
Sigvard,Espinet,sespinetp1@usnews.com,Male,174.93.178.250
Diahann,McGeaney,dmcgeaneyp2@webnode.com,Female,180.106.45.96
Micheil,Waltering,mwalteringp3@yelp.com,Male,84.203.105.61
Clifford,Snowball,csnowballp4@vk.com,Male,133.58.114.228
Dane,Flieg,dfliegp5@chicagotribune.com,Male,235.236.83.246
Rob,Reucastle,rreucastlep6@sciencedaily.com,Male,217.164.216.82
Idaline,Dunsford,idunsfordp7@smugmug.com,Female,8.78.150.6
Aloisia,Rumming,arummingp8@nymag.com,Female,199.46.220.71
Lark,O' Faherty,lofahertyp9@princeton.edu,Female,23.157.109.113
Tandi,Larmouth,tlarmouthpa@nih.gov,Female,53.161.101.89
Stu,Wathen,swathenpb@feedburner.com,Male,253.185.82.88
Starla,Joll,sjollpc@godaddy.com,Female,196.248.157.233
Jenna,Rizzone,jrizzonepd@engadget.com,Female,144.196.150.92
Kerr,Bemwell,kbemwellpe@java.com,Male,230.117.29.187
Jeff,Tourot,jtourotpf@nifty.com,Male,112.161.236.50
Darrel,Lazonby,dlazonbypg@spotify.com,Male,245.240.167.205
Agatha,Bullivent,abulliventph@china.com.cn,Female,247.174.229.247
Harriot,Chezier,hchezierpi@bloglines.com,Female,135.76.183.18
Emilee,Bisson,ebissonpj@globo.com,Female,55.157.0.13
Ricky,Lumsdon,rlumsdonpk@patch.com,Male,241.140.38.121
Bastian,Maccraw,bmaccrawpl@hp.com,Male,32.57.143.95
Thayne,MacDaid,tmacdaidpm@cafepress.com,Male,115.224.138.185
Dennis,Azemar,dazemarpn@spotify.com,Male,114.229.40.133
Pavlov,Cleeves,pcleevespo@angelfire.com,Male,246.160.91.155
Sela,Heinssen,sheinssenpp@deviantart.com,Female,231.213.210.114
Leyla,Burdytt,lburdyttpq@weather.com,Female,33.239.171.61
Zandra,Bradnum,zbradnumpr@globo.com,Female,208.76.246.117
Jerald,Dupoy,jdupoyps@creativecommons.org,Male,103.195.162.56
Stacy,Coton,scotonpt@bigcartel.com,Male,103.250.83.116
Cindie,Swainger,cswaingerpu@reference.com,Female,75.250.220.68
Aleksandr,Ezele,aezelepv@newsvine.com,Male,49.5.165.44
Mortie,Leftley,mleftleypw@ted.com,Male,57.228.217.49
Wolfy,Callicott,wcallicottpx@macromedia.com,Male,34.57.114.170
Joann,McNutt,jmcnuttpy@dmoz.org,Female,66.230.240.83
Nehemiah,Naulls,nnaullspz@studiopress.com,Male,147.134.234.73
Drud,Doget,ddogetq0@ed.gov,Male,143.135.217.134
Mame,Barlass,mbarlassq1@feedburner.com,Female,200.93.240.77
Culver,Ilyukhov,cilyukhovq2@delicious.com,Male,114.102.213.154
Rae,Lebang,rlebangq3@engadget.com,Female,234.75.232.35
Elaine,Ronaghan,eronaghanq4@goodreads.com,Female,137.16.134.22
Aylmar,Blaske,ablaskeq5@vk.com,Male,251.144.122.142
Orren,Bamlett,obamlettq6@squarespace.com,Male,232.65.152.50
Siusan,Williams,swilliamsq7@exblog.jp,Female,54.131.46.206
Lamond,Meharry,lmeharryq8@hexun.com,Male,110.15.240.225
Luce,Jeffers,ljeffersq9@yolasite.com,Male,93.1.9.201
Anjela,Nerheny,anerhenyqa@netlog.com,Female,111.72.119.35
Michale,Mault,mmaultqb@wsj.com,Male,208.187.227.173
Matthiew,Skittreal,mskittrealqc@yellowbook.com,Male,232.228.153.83
Daffie,Duffyn,dduffynqd@delicious.com,Female,2.29.172.123
Burnard,Onele,boneleqe@jimdo.com,Male,50.95.209.46
Stan,Sturge,ssturgeqf@google.es,Male,158.105.104.189
Leoline,Wilcot,lwilcotqg@admin.ch,Female,202.239.115.166
Chastity,Oliva,colivaqh@about.me,Female,142.68.24.146
Frans,Pesterfield,fpesterfieldqi@usda.gov,Male,8.22.152.39
Archie,Page,apageqj@diigo.com,Male,6.14.165.32
Imogen,Rowley,irowleyqk@deliciousdays.com,Female,182.70.129.19
Pavel,Renackowna,prenackownaql@disqus.com,Male,42.217.220.25
Spence,Nelius,sneliusqm@springer.com,Male,183.185.144.168
Celestine,Lenham,clenhamqn@theatlantic.com,Female,170.83.231.234
Sigfrid,Haydon,shaydonqo@businessweek.com,Male,96.189.205.138
Eartha,Kamenar,ekamenarqp@ustream.tv,Female,164.124.154.132
Ashlin,Zeplin,azeplinqq@example.com,Male,3.109.253.186
Jasmina,Blunkett,jblunkettqr@jugem.jp,Female,206.202.160.194
Dee dee,Coper,dcoperqs@indiegogo.com,Female,81.63.47.41
Jocelyne,Giacomucci,jgiacomucciqt@mit.edu,Female,53.173.52.242
Marney,Dunston,mdunstonqu@ning.com,Female,127.209.170.36
Brenna,Gruszczak,bgruszczakqv@gmpg.org,Female,23.219.119.219
Joscelin,Allsworth,jallsworthqw@vk.com,Female,144.7.17.6
Prissie,Cooper,pcooperqx@soup.io,Female,19.139.240.68
Morrie,Jobling,mjoblingqy@csmonitor.com,Male,17.151.96.96
Dalila,Morit,dmoritqz@de.vu,Female,50.225.142.239
Ariel,Curtois,acurtoisr0@barnesandnoble.com,Female,151.251.147.176
Benny,Seaman,bseamanr1@digg.com,Male,191.231.33.243
Konstance,Kop,kkopr2@ftc.gov,Female,194.171.112.34
Valdemar,Mayer,vmayerr3@state.tx.us,Male,15.28.111.166
Vin,Siebart,vsiebartr4@webeden.co.uk,Male,115.53.105.246
Erastus,Aartsen,eaartsenr5@ed.gov,Male,170.99.213.41
Nicki,Da Costa,ndacostar6@google.nl,Female,47.250.180.4
Ashlen,Blint,ablintr7@time.com,Female,31.28.18.69
Jessy,Rosenkrantz,jrosenkrantzr8@google.com.br,Female,179.237.228.217
Ly,Crouch,lcrouchr9@sohu.com,Male,28.63.143.223
Sallyann,Kilgour,skilgourra@gizmodo.com,Female,116.189.216.255
Cybil,Chadderton,cchaddertonrb@merriam-webster.com,Female,251.225.101.165
Massimo,Hulles,mhullesrc@artisteer.com,Male,199.213.165.90
Rowe,Bothen,rbothenrd@cnn.com,Female,224.144.131.165
Dieter,Birkmyr,dbirkmyrre@scribd.com,Male,196.53.50.172
Shari,Catherall,scatherallrf@squarespace.com,Female,148.208.184.129
Ahmed,Lazarus,alazarusrg@craigslist.org,Male,197.109.45.180
Kerwinn,Wilds,kwildsrh@dropbox.com,Male,242.27.89.125
Carole,Millhill,cmillhillri@digg.com,Female,137.38.210.25
Cleon,Champerlen,cchamperlenrj@google.fr,Male,139.66.125.64
Miltie,Paszak,mpaszakrk@gmpg.org,Male,4.67.109.29
Dara,Houtbie,dhoutbierl@google.ca,Female,3.76.230.243
Benedikt,Sloss,bslossrm@businesswire.com,Male,219.238.238.28
Emelia,Meriguet,emeriguetrn@pen.io,Female,238.118.196.139
Burch,Mowlam,bmowlamro@ed.gov,Male,51.31.234.153
Thomas,Prydie,tprydierp@woothemes.com,Male,1.133.67.111
Faith,Blunsen,fblunsenrq@cnn.com,Female,128.45.23.249
Jordon,Von Gladbach,jvongladbachrr@de.vu,Male,91.165.157.223
